no,contained  services,description,website
1,3,寻找最短路径,https://blog.csdn.net/BigSun1993/article/details/50495648
2,3,提取河流中心线,https://blog.csdn.net/molly3661/article/details/46471349
3,3,计算雨量站控制的泰森多边形面积权重,https://blog.csdn.net/pdw521/article/details/86605288
4,3,河流提取,https://blog.csdn.net/liyuanxiang1984/article/details/73928254
5,3,河网分级,https://blog.csdn.net/liyuanxiang1984/article/details/73928254
6,3,台风路径分析,https://blog.csdn.net/qq_40628258/article/details/83786104?utm_source=distribute.pc_relevant.none-task
7,3,土地利用变化分析,https://blog.csdn.net/qq_40628258/article/details/83546003
8,4,ArcGIS中坐标转换与投影变换,https://blog.csdn.net/BigSun1993/article/details/51158768
9,4,GDP区域分布图的生成与对比,https://blog.csdn.net/BigSun1993/article/details/50496022
10,4,熊猫密度分布制图,https://blog.csdn.net/BigSun1993/article/details/50491424
11,4,找出某种珍贵药材的生长区域,https://blog.csdn.net/BigSun1993/article/details/50445515
12,4,微博签到数据分析,https://blog.csdn.net/qq_40628258/article/details/84030874?utm_source=distribute.pc_relevant.none-task
13,4,创建闭合线内部缓冲区,https://blog.csdn.net/qq_40628258/article/details/83546003
14,4,按要素分区统计路网,https://blog.csdn.net/qq_40628258/article/details/83546003
15,4,按栅格分区统计路网,https://blog.csdn.net/qq_40628258/article/details/83546003
16,4,查找面到直线的最近点位置,https://blog.csdn.net/qq_40628258/article/details/83546003
17,4,插值模型的精度分析,https://blog.csdn.net/qq_40628258/article/details/83546003
18,4,地形剖面图,https://blog.csdn.net/qq_40628258/article/details/83546003
19,4,计算上游集水区污染值,https://blog.csdn.net/qq_40628258/article/details/83546003
20,4,三维可视化分析,https://blog.csdn.net/qq_40628258/article/details/83546003
21,4,DEM数字地形分析,https://blog.csdn.net/qq_40628258/article/details/84397168
22,4,利用DEM进行地形起伏度计算,https://blog.csdn.net/qq_40628258/article/details/84397168
23,4,利用栅格数据分类后的结果以行政区域统计各个地类的面积,https://blog.csdn.net/shumu_xzw/article/details/49027343?utm_source=distribute.pc_relevant.none-task
24,4,点密度计算,https://blog.csdn.net/sinat_29675423/article/details/88959073
25,4,获取区域内的要素组成及比例关系,https://blog.csdn.net/sinat_29675423/article/details/87826181
26,4,做掩膜mask,https://blog.csdn.net/tzqncwu/article/details/7544089?utm_source=distribute.pc_relevant.none-task
27,4,去除重复的面,https://blog.csdn.net/gswwldp/article/details/66974522
28,4,ArcGIS中碎小斑块的处理,https://blog.csdn.net/gswwldp/article/details/64443598
29,5,修建最小成本道路,https://blog.csdn.net/BigSun1993/article/details/50450940
30,5,水库库容计算,https://blog.csdn.net/liyuanxiang1984/article/details/74276145
31,5,空气质量插值,https://blog.csdn.net/nominior/article/details/88085560?utm_source=distribute.pc_relevant.none-task
32,5,气体扩散空间分析,https://blog.csdn.net/qq_40628258/article/details/83546003
33,5,分区统计降雨量,https://blog.csdn.net/qq_40628258/article/details/83546003
34,5,随机采样统计,https://blog.csdn.net/qq_40628258/article/details/83546003
35,5,创建线要素间的最近垂线,https://blog.csdn.net/qq_40628258/article/details/83546003
36,5,三维爆炸分析,https://blog.csdn.net/qq_40628258/article/details/83546003
37,5,根据微博签到数据估测活动周边人数,http://www.higis.cn/753
38,5,查找最近的消防站,https://blog.csdn.net/qq_40628258/article/details/84190654
39,5,查找成本最低路径,https://blog.csdn.net/qq_40628258/article/details/84146297
40,5,ArcGIS空间自相关技术实现,https://blog.csdn.net/sinat_40442218/article/details/83277261?ops_request_misc=%7B%22request%5Fid%22%3A%22158210192519195162555046%22%2C%22scm%22%3A%2220140713.130056874..%22%7D&request_id=158210192519195162555046&biz_id=0&utm_source=distribute.pc_search_result.none-task
41,5,空间数据拓扑处理及修改,https://blog.csdn.net/gandongusa/article/details/104225667
42,5,窗口分析提取山顶点和地势起伏度,https://blog.csdn.net/qq_40628258/article/details/83787388?ops_request_misc=%7B%22request%5Fid%22%3A%22158210192519195162555046%22%2C%22scm%22%3A%2220140713.130056874..%22%7D&request_id=158210192519195162555046&biz_id=0&utm_source=distribute.pc_search_result.none-task
43,5,ArcGIS按多边形区域统计栅格影像的一些信息,https://blog.csdn.net/weixin_34237596/article/details/85898148?utm_source=distribute.pc_relevant.none-task
44,5,根据shapefile裁剪栅格影像,https://blog.csdn.net/lingzi_zhou/article/details/25504003
45,6,长白山沟谷地带珍贵药材选址设计(药材喜阳),https://blog.csdn.net/qq_35581783/article/details/80786655?utm_source=distribute.pc_relevant.none-task
46,6,长白山沟谷地带珍贵药材选址设计（生长在沟谷量测）,https://blog.csdn.net/qq_35581783/article/details/80786655?utm_source=distribute.pc_relevant.none-task
47,6,提取河网,https://blog.csdn.net/chenjh23/article/details/7488986#comments
48,6,库容和淹没区计算,https://blog.csdn.net/liyuanxiang1984/article/details/78228285
49,6,创建点、线、面要素混合的Voronoi,https://blog.csdn.net/qq_40628258/article/details/83546003
50,6,共享单车配置问题,http://www.higis.cn/753
51,6,DEM基本地形因素评估,https://blog.csdn.net/qq_40628258/article/details/84397168
52,6,利用流量数据执行网络分析,https://blog.csdn.net/qq_40628258/article/details/84236460
53,6,使用位置分配选择最佳商店位置,https://blog.csdn.net/qq_40628258/article/details/84204640
54,6,创建 OD 成本矩阵,https://blog.csdn.net/qq_40628258/article/details/84191026
55,6,利用莫兰指数分析旧金山区域犯罪与地区位置的关系,https://blog.csdn.net/qq_34722143/article/details/82944702?utm_source=distribute.pc_relevant.none-task
56,6,利用ArcGIS进行距离制图,https://blog.csdn.net/summer_dew/article/details/78299337?utm_source=distribute.pc_relevant.none-task
57,6,ArcGIS 分幅分割栅格,https://blog.csdn.net/ganlan1014/article/details/78676126?utm_source=distribute.pc_relevant.none-task
58,6,导出shp文件坐标点,https://blog.csdn.net/lingzi_zhou/article/details/48786667
59,6,arcmap坐标点生成线和面,https://blog.csdn.net/u010700335/article/details/40213379?utm_source=distribute.pc_relevant.none-task
60,6,流域提取流程,https://blog.csdn.net/liyuanxiang1984/article/details/78228231
61,6,河网分级,https://blog.csdn.net/liyuanxiang1984/article/details/78228207
62,6,降雨量等值线图制作过程,https://blog.csdn.net/sinat_34719507/article/details/60580737?utm_source=distribute.pc_relevant.none-task
63,6,河网积水区域专题图制作过程,https://download.csdn.net/download/lanhuaxiaohao/4012503
64,6,空气质量站点插值,https://blog.csdn.net/nominior/article/details/88085560?utm_source=distribute.pc_relevant.none-task
65,6,修建最小成本道路,https://blog.csdn.net/BigSun1993/article/details/50450940?ops_request_misc=%7B%22request%5Fid%22%3A%22158211612819724811808015%22%2C%22scm%22%3A%2220140713.130056874..%22%7D&request_id=158211612819724811808015&biz_id=0&utm_source=distribute.pc_search_result.none-task
66,6,ArcGIS空间校正（spatial adjustment）,https://blog.csdn.net/hailiannanhai/article/details/6279497?utm_source=distribute.pc_relevant.none-task
67,6,栅格/TIN/Terrain数据集可视性分析,https://blog.csdn.net/summer_dew/article/details/78553713?ops_request_misc=%7B%22request%5Fid%22%3A%22158211818819725222442253%22%2C%22scm%22%3A%2220140713.130056874..%22%7D&request_id=158211818819725222442253&biz_id=0&utm_source=distribute.pc_search_result.none-task
68,6,3D视线分析（构造视线、通视性）,https://blog.csdn.net/summer_dew/article/details/78492226
69,6,天际线分析,http://blog.csdn.net/summer_dew/article/details/78500775
70,6,使用ArcGIS完成空间插值――趋势面分析法,https://blog.csdn.net/lucahan/article/details/51921008?utm_source=distribute.pc_relevant.none-task
71,6,实现网络数据集的网络分析,https://blog.csdn.net/lucahan/article/details/51759295
72,6,ArcGIS网络分析之数据组织、连通性设置,https://blog.csdn.net/ceibake/article/details/89504839
73,6,中国邮递员问题,https://blog.csdn.net/ceibake/article/details/82494569
74,6,ArcGIS制作城市关系强度图,https://blog.csdn.net/ceibake/article/details/79986851
75,6,使用ArcGIS进行环保排放清单分配方法（点值分配到面）,https://blog.csdn.net/ceibake/article/details/78159448
76,6,利用ArcGIS统计各地区内路网密度（道路长度/面积）,https://blog.csdn.net/my_name_is_Lily/article/details/70118353?utm_source=distribute.pc_relevant.none-task
77,7,山顶点的提取,https://blog.csdn.net/BigSun1993/article/details/50495827
78,7,沟谷网络提取及沟壑密度计算,https://blog.csdn.net/BigSun1993/article/details/50491521
79,7,地形鞍部提取,https://blog.csdn.net/BigSun1993/article/details/50491480
80,7,多源地物数据类型处理入库,https://blog.csdn.net/qq_40628258/article/details/84499996
81,7,使用约束属性执行网络分析,https://blog.csdn.net/qq_40628258/article/details/84238589
82,7,查找能够为需求点对提供服务的最佳路径,https://blog.csdn.net/qq_40628258/article/details/84203959
83,7,ArcGIS空间叠加分析,https://blog.csdn.net/gswwldp/article/details/66974465?ops_request_misc=%7B%22request%5Fid%22%3A%22158210167919725211962921%22%2C%22scm%22%3A%2220140713.130056874..%22%7D&request_id=158210167919725211962921&biz_id=0&utm_source=distribute.pc_search_result.none-task
84,7,矢量数据空间分析,https://blog.csdn.net/gandongusa/article/details/104225899?ops_request_misc=%7B%22request%5Fid%22%3A%22158210192519195162555046%22%2C%22scm%22%3A%2220140713.130056874..%22%7D&request_id=158210192519195162555046&biz_id=0&utm_source=distribute.pc_search_result.none-task
85,7,地图可视化,https://blog.csdn.net/gandongusa/article/details/104220955
86,7,滑坡体建模,http://contest.esrichina.com.cn/html/zuopinzhanshi/2017huojiangzuopinzhanshi/2018/0109/442.html
87,7,地质体建模,http://contest.esrichina.com.cn/html/zuopinzhanshi/2017huojiangzuopinzhanshi/2018/0109/442.html
88,7,DEM流域提取,http://contest.esrichina.com.cn/html/zuopinzhanshi/2017huojiangzuopinzhanshi/2018/0109/441.html
89,7,tif影像去除黑边,https://blog.csdn.net/zhangshuanlai/article/details/89326070?utm_source=distribute.pc_relevant.none-task
90,7,确保裁剪前后的栅格像素深度或者栅格颜色保持一致,https://blog.csdn.net/gislaozhang/article/details/82889307?utm_source=distribute.pc_relevant.none-task
91,7,矢量要素类数据统计对应的栅格dn值,https://blog.csdn.net/iteye_8029/article/details/82544669?utm_source=distribute.pc_relevant.none-task
92,7,库容和淹没区计算,https://blog.csdn.net/liyuanxiang1984/article/details/78228285?utm_source=distribute.pc_relevant.none-task
93,7,气象站点雨量计算与流量统计,https://blog.csdn.net/liyuanxiang1984/article/details/74611136
94,7,降雨量专题图制作过程,https://download.csdn.net/download/lanhuaxiaohao/4012516?utm_source=distribute.pc_relevant.none-task
95,7,基于ArcGIS的城市住房选址分析（以郑州市为例）,https://blog.csdn.net/weixin_41191397/article/details/86615412?utm_source=distribute.pc_relevant.none-task
96,7,ArcGIS矢量图的配准,https://blog.csdn.net/zy20120580223/article/details/78491626?utm_source=distribute.pc_relevant.none-task
97,7,构建Terrain地形数据集合,https://blog.csdn.net/summer_dew/article/details/78553713?ops_request_misc=%7B%22request%5Fid%22%3A%22158211818819725222442253%22%2C%22scm%22%3A%2220140713.130056874..%22%7D&request_id=158211818819725222442253&biz_id=0&utm_source=distribute.pc_search_result.none-task
98,7,ArcGIS构建网络数据集,https://blog.csdn.net/baoqian1993/article/details/71157779?utm_source=distribute.pc_relevant.none-task
99,7,ArcGIS中的土地利用变化分析(栅格篇),https://blog.csdn.net/ceibake/article/details/103408941
100,7,学校选址,https://blog.csdn.net/qq_40628258/article/details/84143393?utm_source=distribute.pc_relevant.none-task
101,7,提取水库湖泊等面状水系,https://blog.csdn.net/liyuanxiang1984/article/details/78228266
102,8,求解相邻最近和最远的点,https://blog.csdn.net/summer_dew/article/details/82947609
103,8,计算服务区,https://blog.csdn.net/qq_40628258/article/details/84191026
104,8,使用一支车队服务一组停靠点,https://blog.csdn.net/qq_40628258/article/details/84196771
105,8,3D可视性分析,https://blog.csdn.net/qq_40628258/article/details/84397168
106,9,ArcGIS应用分析--学校选址,https://blog.csdn.net/BigSun1993/article/details/50447926?ops_request_misc=%7B%22request%5Fid%22%3A%22158207756519724811854026%22%2C%22scm%22%3A%2220140713.130056874..%22%7D&request_id=158207756519724811854026&biz_id=0&utm_source=distribute.pc_search_result.none-task
107,9,基于数字高程模型的冲沟提取,https://blog.csdn.net/BigSun1993/article/details/51166442
108,9,城市建筑日照分析,https://blog.csdn.net/BigSun1993/article/details/50502107
109,9,利用水文分析提取山脊线山谷线,https://blog.csdn.net/BigSun1993/article/details/50485122
110,9,长白山沟谷地带珍贵药材选址设计,https://blog.csdn.net/qq_35581783/article/details/80786655?utm_source=distribute.pc_relevant.none-task
111,9,利用DEM进行水文分析,https://blog.csdn.net/qq_40628258/article/details/84397168
112,9,利用DEM提取山脊线和山谷线,https://blog.csdn.net/qq_40628258/article/details/83473964
